{"cameraMode":{"drawMode":0,"name":"Shaded","section":"Shading Mode"},"sceneLighting":true,"audioPlay":false,"sceneViewState":{"showFog":true,"showMaterialUpdate":false,"showSkybox":true,"showFlares":true,"showImageEffects":true,"showParticleSystems":true},"in2DMode":false,"pivot":{"x":-294.29443359375,"y":926.994384765625,"z":1556.9022216796875},"rotation":{"x":-0.07590776681900025,"y":0.8332248330116272,"z":-0.11826973408460617,"w":-0.5347774028778076},"size":2169.785400390625,"orthographic":true}