{"cameraMode":{"drawMode":0,"name":"Shaded","section":"Shading Mode"},"sceneLighting":true,"audioPlay":false,"sceneViewState":{"showFog":true,"showMaterialUpdate":false,"showSkybox":true,"showFlares":true,"showImageEffects":true,"showParticleSystems":true},"in2DMode":false,"pivot":{"x":-229.74000549316407,"y":598.3699951171875,"z":7516.0},"rotation":{"x":0.023997539654374124,"y":0.0036009405739605428,"z":-0.00008643868932267651,"w":0.9997053146362305},"size":4524.8232421875,"orthographic":true}