{"cameraMode":{"drawMode":0,"name":"Shaded","section":"Shading Mode"},"sceneLighting":true,"audioPlay":false,"sceneViewState":{"showFog":true,"showMaterialUpdate":false,"showSkybox":true,"showFlares":true,"showImageEffects":true,"showParticleSystems":true},"in2DMode":false,"pivot":{"x":346.5284423828125,"y":378.3743896484375,"z":0.0},"rotation":{"x":0.00011063887359341606,"y":0.9993675947189331,"z":-0.03599206730723381,"w":0.0026923404075205328},"size":622.332763671875,"orthographic":true}