{"cameraMode":{"drawMode":0,"name":"Shaded","section":"Shading Mode"},"sceneLighting":true,"audioPlay":false,"sceneViewState":{"showFog":true,"showMaterialUpdate":false,"showSkybox":true,"showFlares":true,"showImageEffects":true,"showParticleSystems":true},"in2DMode":false,"pivot":{"x":281.73028564453127,"y":464.3011779785156,"z":-658.9002685546875},"rotation":{"x":0.006334385368973017,"y":0.9877371191978455,"z":-0.04150719568133354,"w":0.15048833191394807},"size":919.8422241210938,"orthographic":true}