{"cameraMode":{"drawMode":0,"name":"Shaded","section":"Shading Mode"},"sceneLighting":true,"audioPlay":false,"sceneViewState":{"showFog":true,"showMaterialUpdate":false,"showSkybox":true,"showFlares":true,"showImageEffects":true,"showParticleSystems":true},"in2DMode":false,"pivot":{"x":33.87205505371094,"y":46.52555847167969,"z":-31.306249618530275},"rotation":{"x":0.08180908858776093,"y":-0.236270010471344,"z":0.019965631887316705,"w":0.968037486076355},"size":41.0261116027832,"orthographic":true}